[
  {
    "nombre": "Candidato 1",
    "foto": "https://i.ibb.co/hgs59mj/images.png",
    "comentario": "Comentario del Candidato 1"
  },
  {
    "nombre": "Candidato 2",
    "foto": "https://i.ibb.co/hgs59mj/images.png",
    "comentario": "Comentario del Candidato 2"
  },
  {
    "nombre": "Candidato 3",
    "foto": "https://i.ibb.co/hgs59mj/images.png",
    "comentario": "Comentario del Candidato 3"
  },
  {
    "nombre": "Voto en Blanco",
    "foto": "https://i.ibb.co/g4Tcv2G/images-white.png",
    "comentario": "....."
  }

]
